,project_avg_score,lab_avg_score,skill_avg_score
0,41.73354231974922,91.0913682417014,92.37525304067054
