,project_avg_score,lab_avg_score,skill_avg_score
0,0.4012539184952978,0.8987637042220668,0.9109464139327121
